{"centers": [[5.191868782043457, 6.26511287689209, -1.1724271774291992], [8.06983757019043, -2.7634999752044678, -0.8733336925506592], [-18.114171981811523, 10.433329582214355, -1.5177112817764282], [-22.4314022064209, 17.289060592651367, -1.2218514680862427], [24.293336868286133, 8.387473106384277, -1.1562293767929077], [-24.356151580810547, 23.399890899658203, -1.896652340888977], [-20.860265731811523, 15.093708038330078, -1.6307778358459473], [-0.07149939984083176, -5.188897609710693, -1.5861579179763794], [-0.012393075972795486, 7.792576313018799, -1.956591010093689], [-15.260072708129883, 0.46241384744644165, -1.8621866703033447], [5.276811599731445, -9.332572937011719, -0.05522667616605759], [5.25724458694458, 12.228805541992188, -0.28107964992523193], [-4.478276252746582, -20.08521270751953, 0.26154008507728577], [23.291118621826172, -7.6564130783081055, 0.1546972244977951], [31.65357780456543, 13.394587516784668, 0.015318738296627998], [3.617332935333252, 8.151786804199219, -1.1659940481185913], [18.039785385131836, 12.79166316986084, -1.3346482515335083], [0.2141874134540558, -8.425104141235352, -0.7963055372238159], [-3.3795008659362793, 14.322200775146484, -0.7627143859863281], [-28.390949249267578, 28.410804748535156, -0.6120164394378662], [-22.9881649017334, 5.180087089538574, -0.19961608946323395], [17.0739688873291, 11.896196365356445, -0.37051019072532654], [11.09274673461914, 7.103052139282227, -1.5214897394180298], [-40.99287033081055, -4.041144847869873, 0.7443152070045471], [-51.90989303588867, -23.95444107055664, 0.9883609414100647], [-27.331260681152344, 12.363414764404297, -0.028942512348294258], [17.981130599975586, 9.369690895080566, -0.18000005185604095], [15.532007217407227, -2.9814116954803467, -0.2375982254743576], [11.46316146850586, 8.960797309875488, -0.46502476930618286], [-24.572980880737305, 9.188979148864746, -0.11942242830991745], [-7.818151473999023, 16.803129196166992, 0.28482723236083984], [23.6390438079834, -2.532837152481079, -0.1266070157289505], [-16.383420944213867, 4.191915988922119, -1.789116382598877], [-23.98854637145996, 30.879905700683594, -2.569019079208374], [4.444278717041016, -3.444228172302246, -0.6980354189872742], [-15.836654663085938, 1.766058087348938, -0.8291142582893372], [3.9858248233795166, 5.534952640533447, -0.7950881719589233], [-11.98094654083252, 5.503726482391357, 0.38486939668655396]], "nodes": [0, 0, 0, 0, 0, 0, 0, 3, 3, 3, 5, 5, 5, 5, 5, 6, 6, 7, 7, 7, 7, 7, 7, 7, 7, 7, 8, 8, 8, 8, 8, 8, 9, 9, 10, 10, 10, 11], "pose": [1.0, 9.04368e-12, 2.326809e-11, 5.551115e-17, 9.043683e-12, 1.0, 2.39237e-10, 3.330669e-16, 2.32681e-11, 2.39237e-10, 0.9999999, -4.440892e-16]}