{"centers": [[3.2578773498535156, -2.0905039310455322, -0.8696377873420715], [-0.39452123641967773, 2.246399164199829, -0.7248826622962952], [-3.617344379425049, 2.20562744140625, -1.0478956699371338], [-11.727386474609375, -2.424813985824585, -1.1461431980133057], [-1.239551305770874, 5.205500602722168, -1.1912577152252197], [11.502174377441406, -7.045846462249756, -0.776075541973114], [-19.107654571533203, 3.011084794998169, -1.3145238161087036], [19.602039337158203, -2.776992082595825, -0.8087521195411682], [-31.45103645324707, -0.25023356080055237, -1.425209403038025], [7.93800163269043, -6.956823825836182, -0.6867353320121765], [32.59446334838867, -2.171192169189453, -0.6484419703483582], [-2.201596975326538, -4.689718246459961, -1.7255171537399292], [6.699461936950684, 3.848256826400757, -1.7227073907852173], [-15.5755615234375, 3.909756660461426, -1.929733157157898], [13.535122871398926, -3.73844575881958, -1.5851936340332031], [-0.8183748722076416, 5.240015983581543, -0.41931092739105225], [2.692985773086548, -9.610771179199219, -0.48530712723731995], [19.56386947631836, 6.536654472351074, -0.2456512153148651], [-6.538000583648682, -12.014022827148438, -0.19493277370929718], [16.594545364379883, -12.365518569946289, 0.2650010585784912], [-37.793697357177734, -1.2700444459915161, 0.23754923045635223], [11.603944778442383, 5.259110450744629, -1.2248492240905762], [-5.314789295196533, -12.130626678466797, -0.8326486349105835], [14.541446685791016, 5.285171031951904, -1.2521742582321167], [2.8340694904327393, -6.346863746643066, -0.7302936315536499], [-10.385592460632324, -6.620357513427734, -0.5051042437553406], [-34.672142028808594, -0.1634255349636078, -0.40916743874549866], [-36.425804138183594, 7.522637367248535, -0.37262818217277527], [-5.384863376617432, -14.30117130279541, -0.4841844439506531], [5.083869934082031, -8.085575103759766, -1.4796901941299438], [-8.911334037780762, -4.996397972106934, -0.7244640588760376]], "nodes": [0, 0, 0, 0, 0, 0, 0, 0, 0, 0, 0, 3, 3, 3, 3, 5, 5, 5, 5, 5, 5, 6, 6, 6, 7, 7, 7, 7, 7, 9, 10], "pose": [0.9753752, 0.02305642, 0.2193439, 63.15739, -0.01920219, 0.9996217, -0.01968763, -6.483943, -0.2197148, 0.01499094, 0.9754489, 117.1926]}